{"cameraMode":{"drawMode":0,"name":"Shaded","section":"Shading Mode"},"sceneLighting":true,"audioPlay":false,"sceneViewState":{"showFog":true,"showMaterialUpdate":false,"showSkybox":true,"showFlares":true,"showImageEffects":true,"showParticleSystems":true},"in2DMode":false,"pivot":{"x":482.08062744140627,"y":278.21142578125,"z":678.3751831054688},"rotation":{"x":0.033902160823345187,"y":-0.9337171316146851,"z":0.09190313518047333,"w":0.3444276452064514},"size":135.18690490722657,"orthographic":false}